Year,Quarter,Month,DayofMonth,DayOfWeek,FlightDate,IATA_CODE_Reporting_Airline,Tail_Number,Flight_Number_Reporting_Airline,Origin,OriginCityName,OriginState,Dest,DestCityName,DestState,CRSDepTime,DepTime,DepDelay,DepDelayMinutes,DepDel15,DepTimeBlk,TaxiOut,WheelsOff,WheelsOn,TaxiIn,CRSArrTime,ArrTime,ArrDelay,ArrDelayMinutes,ArrDel15,ArrTimeBlk,CRSElapsedTime,ActualElapsedTime,AirTime,Distance,DistanceGroup,CarrierDelay,WeatherDelay,NASDelay,SecurityDelay,LateAircraftDelay
2011,1,2,18,5,2011-02-18,AA,N581AA,597,ORD,"Chicago, IL",IL,SAT,"San Antonio, TX",TX,1805,1804.0,-1.0,0.0,0.0,1800-1859,13.0,1817.0,2043.0,14.0,2100,2057.0,-3.0,0.0,0.0,2100-2159,175.0,173.0,146.0,1041.0,5,0.0,0.0,0.0,0.0,0.0
2014,3,8,10,7,2014-08-10,B6,N249JB,1169,RIC,"Richmond, VA",VA,MCO,"Orlando, FL",FL,1000,951.0,-9.0,0.0,0.0,1000-1059,9.0,1000.0,1134.0,9.0,1201,1143.0,-18.0,0.0,0.0,1200-1259,121.0,112.0,94.0,667.0,3,0.0,0.0,0.0,0.0,0.0
2006,4,11,6,1,2006-11-06,YV,N909FJ,2821,EUG,"Eugene, OR",OR,PHX,"Phoenix, AZ",AZ,545,541.0,-4.0,0.0,0.0,0001-0559,14.0,555.0,858.0,7.0,908,905.0,-3.0,0.0,0.0,0900-0959,143.0,144.0,123.0,952.0,4,0.0,0.0,0.0,0.0,0.0
2011,4,11,24,4,2011-11-24,US,N767UW,2166,DCA,"Washington, DC",VA,LGA,"New York, NY",NY,1000,1002.0,2.0,2.0,0.0,1000-1059,10.0,1012.0,1051.0,6.0,1119,1057.0,-22.0,0.0,0.0,1100-1159,79.0,55.0,39.0,214.0,1,0.0,0.0,0.0,0.0,0.0
2004,1,1,13,2,2004-01-13,DH,N699BR,7402,LAN,"Lansing, MI",MI,ORD,"Chicago, IL",IL,1030,1021.0,-9.0,0.0,0.0,1000-1059,11.0,1032.0,1011.0,3.0,1033,1014.0,-19.0,0.0,0.0,1000-1059,63.0,53.0,39.0,179.0,1,0.0,0.0,0.0,0.0,0.0
2005,4,10,14,5,2005-10-14,NW,N515US,342,SFO,"San Francisco, CA",CA,DTW,"Detroit, MI",MI,1241,1237.0,-4.0,0.0,0.0,1200-1259,15.0,1252.0,1943.0,11.0,2013,1954.0,-19.0,0.0,0.0,2000-2059,272.0,257.0,231.0,2079.0,9,0.0,0.0,0.0,0.0,0.0
2007,3,7,5,4,2007-07-05,F9,N924FR,235,BNA,"Nashville, TN",TN,DEN,"Denver, CO",CO,1855,2006.0,71.0,71.0,1.0,1800-1859,14.0,2020.0,2133.0,5.0,2041,2138.0,57.0,57.0,1.0,2000-2059,166.0,152.0,133.0,1013.0,5,57.0,0.0,0.0,0.0,0.0
2005,3,8,2,2,2005-08-02,DL,N915DN,722,ATL,"Atlanta, GA",GA,ORD,"Chicago, IL",IL,2212,2210.0,-2.0,0.0,0.0,2200-2259,20.0,2230.0,2258.0,9.0,2304,2307.0,3.0,3.0,0.0,2300-2359,112.0,117.0,88.0,606.0,3,0.0,0.0,0.0,0.0,0.0
2009,4,10,8,4,2009-10-08,XE,N13979,2636,IAH,"Houston, TX",TX,OKC,"Oklahoma City, OK",OK,735,729.0,-6.0,0.0,0.0,0700-0759,11.0,740.0,841.0,6.0,857,847.0,-10.0,0.0,0.0,0800-0859,82.0,78.0,61.0,395.0,2,0.0,0.0,0.0,0.0,0.0
2012,1,3,17,6,2012-03-17,US,N541UW,575,CLT,"Charlotte, NC",NC,SEA,"Seattle, WA",WA,1812,1859.0,47.0,47.0,1.0,1800-1859,18.0,1917.0,2114.0,7.0,2106,2121.0,15.0,15.0,1.0,2100-2159,354.0,322.0,297.0,2279.0,10,11.0,0.0,0.0,0.0,4.0
2018,1,2,16,5,2018-02-16,DL,N965DL,2580,ATL,"Atlanta, GA",GA,JAN,"Jackson/Vicksburg, MS",MS,2236,2232.0,-4.0,0.0,0.0,2200-2259,13.0,2245.0,2242.0,4.0,2305,2246.0,-19.0,0.0,0.0,2300-2359,89.0,74.0,57.0,341.0,2,0.0,0.0,0.0,0.0,0.0
2004,1,3,28,7,2004-03-28,NW,N9334,1475,DTW,"Detroit, MI",MI,MSY,"New Orleans, LA",LA,1916,1953.0,37.0,37.0,1.0,1900-1959,39.0,2032.0,2147.0,4.0,2050,2151.0,61.0,61.0,1.0,2000-2059,154.0,178.0,135.0,926.0,4,14.0,0.0,24.0,0.0,23.0
2005,2,5,30,1,2005-05-30,DL,N900PC,1798,ATL,"Atlanta, GA",GA,BNA,"Nashville, TN",TN,1458,1452.0,-6.0,0.0,0.0,1400-1459,15.0,1507.0,1443.0,7.0,1459,1450.0,-9.0,0.0,0.0,1400-1459,61.0,58.0,36.0,214.0,1,0.0,0.0,0.0,0.0,0.0
2005,2,4,20,3,2005-04-20,MQ,N858AE,3525,DFW,"Dallas/Fort Worth, TX",TX,CID,"Cedar Rapids/Iowa City, IA",IA,808,805.0,-3.0,0.0,0.0,0800-0859,11.0,816.0,948.0,10.0,1001,958.0,-3.0,0.0,0.0,1000-1059,113.0,113.0,92.0,685.0,3,0.0,0.0,0.0,0.0,0.0
2011,1,1,18,2,2011-01-18,FL,N344AT,817,BWI,"Baltimore, MD",MD,BOS,"Boston, MA",MA,2125,2117.0,-8.0,0.0,0.0,2100-2159,37.0,2154.0,2245.0,6.0,2245,2251.0,6.0,6.0,0.0,2200-2259,80.0,94.0,51.0,370.0,2,0.0,0.0,0.0,0.0,0.0
2018,4,10,17,3,2018-10-17,OO,N629BR,7376,BTM,"Butte, MT",MT,SLC,"Salt Lake City, UT",UT,625,612.0,-13.0,0.0,0.0,0600-0659,23.0,635.0,728.0,8.0,750,736.0,-14.0,0.0,0.0,0700-0759,85.0,84.0,53.0,358.0,2,0.0,0.0,0.0,0.0,0.0
2010,3,9,28,2,2010-09-28,WN,N236WN,299,LBB,"Lubbock, TX",TX,DAL,"Dallas, TX",TX,845,844.0,-1.0,0.0,0.0,0800-0859,7.0,851.0,942.0,4.0,950,946.0,-4.0,0.0,0.0,0900-0959,65.0,62.0,51.0,293.0,2,0.0,0.0,0.0,0.0,0.0
2012,2,5,20,7,2012-05-20,AA,N4YAAA,768,LAX,"Los Angeles, CA",CA,STL,"St. Louis, MO",MO,1625,1622.0,-3.0,0.0,0.0,1600-1659,14.0,1636.0,2150.0,5.0,2155,2155.0,0.0,0.0,0.0,2100-2159,210.0,213.0,194.0,1592.0,7,0.0,0.0,0.0,0.0,0.0
2007,3,7,29,7,2007-07-29,WN,N275WN,240,CLE,"Cleveland, OH",OH,MCO,"Orlando, FL",FL,1835,1945.0,70.0,70.0,1.0,1800-1859,7.0,1952.0,2147.0,10.0,2055,2157.0,62.0,62.0,1.0,2000-2059,140.0,132.0,115.0,895.0,4,1.0,0.0,0.0,0.0,61.0
2010,1,1,11,1,2010-01-11,XE,N14188,2352,EWR,"Newark, NJ",NJ,OMA,"Omaha, NE",NE,800,757.0,-3.0,0.0,0.0,0800-0859,34.0,831.0,1010.0,5.0,1028,1015.0,-13.0,0.0,0.0,1000-1059,208.0,198.0,159.0,1133.0,5,0.0,0.0,0.0,0.0,0.0
2019,3,9,28,6,2019-09-28,AA,N184AN,2690,DFW,"Dallas/Fort Worth, TX",TX,BOS,"Boston, MA",MA,1659,1655.0,-4.0,0.0,0.0,1600-1659,16.0,1711.0,2114.0,7.0,2147,2121.0,-26.0,0.0,0.0,2100-2159,228.0,206.0,183.0,1562.0,7,0.0,0.0,0.0,0.0,0.0
2008,1,1,24,4,2008-01-24,XE,N16147,2733,GSP,"Greer, SC",SC,IAH,"Houston, TX",TX,1825,1854.0,29.0,29.0,1.0,1800-1859,9.0,1903.0,2019.0,7.0,1958,2026.0,28.0,28.0,1.0,1900-1959,153.0,152.0,136.0,838.0,4,0.0,0.0,28.0,0.0,0.0
2009,4,12,6,7,2009-12-06,WN,N405WN,1050,BWI,"Baltimore, MD",MD,ALB,"Albany, NY",NY,2050,2054.0,4.0,4.0,0.0,2000-2059,7.0,2101.0,2152.0,4.0,2200,2156.0,-4.0,0.0,0.0,2200-2259,70.0,62.0,51.0,288.0,2,0.0,0.0,0.0,0.0,0.0
2006,4,11,20,1,2006-11-20,UA,N485UA,1480,LAS,"Las Vegas, NV",NV,IAD,"Washington, DC",VA,825,824.0,-1.0,0.0,0.0,0800-0859,12.0,836.0,1604.0,5.0,1550,1609.0,19.0,19.0,1.0,1500-1559,265.0,285.0,268.0,2066.0,9,0.0,0.0,19.0,0.0,0.0
2008,4,10,8,3,2008-10-08,9E,86239E,5838,DTW,"Detroit, MI",MI,CWA,"Mosinee, WI",WI,906,902.0,-4.0,0.0,0.0,0900-0959,34.0,936.0,942.0,4.0,935,946.0,11.0,11.0,0.0,0900-0959,89.0,104.0,66.0,363.0,2,0.0,0.0,0.0,0.0,0.0
2007,1,1,31,3,2007-01-31,YV,N37178,2751,FAT,"Fresno, CA",CA,PHX,"Phoenix, AZ",AZ,610,600.0,-10.0,0.0,0.0,0600-0659,7.0,607.0,822.0,6.0,850,828.0,-22.0,0.0,0.0,0800-0859,100.0,88.0,75.0,493.0,2,0.0,0.0,0.0,0.0,0.0
2014,3,9,9,2,2014-09-09,EV,N919EV,5138,DTW,"Detroit, MI",MI,EVV,"Evansville, IN",IN,2000,1955.0,-5.0,0.0,0.0,2000-2059,16.0,2011.0,2007.0,4.0,2026,2011.0,-15.0,0.0,0.0,2000-2059,86.0,76.0,56.0,363.0,2,0.0,0.0,0.0,0.0,0.0
2013,2,6,22,6,2013-06-22,OO,N492SW,4551,RDM,"Bend/Redmond, OR",OR,SLC,"Salt Lake City, UT",UT,620,611.0,-9.0,0.0,0.0,0600-0659,8.0,619.0,831.0,4.0,854,835.0,-19.0,0.0,0.0,0800-0859,94.0,84.0,72.0,525.0,3,0.0,0.0,0.0,0.0,0.0
2011,4,10,12,3,2011-10-12,DL,N533US,1018,ATL,"Atlanta, GA",GA,MSY,"New Orleans, LA",LA,940,939.0,-1.0,0.0,0.0,0900-0959,14.0,953.0,1002.0,5.0,1024,1007.0,-17.0,0.0,0.0,1000-1059,104.0,88.0,69.0,425.0,2,0.0,0.0,0.0,0.0,0.0
2005,3,8,31,3,2005-08-31,FL,N893AT,225,RIC,"Richmond, VA",VA,PHL,"Philadelphia, PA",PA,1600,1610.0,10.0,10.0,0.0,1600-1659,9.0,1619.0,1710.0,8.0,1700,1718.0,18.0,18.0,1.0,1700-1759,60.0,68.0,51.0,198.0,1,0.0,0.0,18.0,0.0,0.0
2010,1,3,3,3,2010-03-03,OH,N409CA,6721,IAD,"Washington, DC",VA,JFK,"New York, NY",NY,1220,1215.0,-5.0,0.0,0.0,1200-1259,32.0,1247.0,1333.0,10.0,1350,1343.0,-7.0,0.0,0.0,1300-1359,90.0,88.0,46.0,228.0,1,0.0,0.0,0.0,0.0,0.0
2009,3,7,12,7,2009-07-12,NW,N375NC,596,PDX,"Portland, OR",OR,MSP,"Minneapolis, MN",MN,30,25.0,-5.0,0.0,0.0,0001-0559,15.0,40.0,526.0,9.0,539,535.0,-4.0,0.0,0.0,0001-0559,189.0,190.0,166.0,1426.0,6,0.0,0.0,0.0,0.0,0.0
2015,3,7,4,6,2015-07-04,AS,N563AS,831,SEA,"Seattle, WA",WA,OGG,"Kahului, HI",HI,1900,1912.0,12.0,12.0,0.0,1900-1959,11.0,1923.0,2142.0,8.0,2200,2150.0,-10.0,0.0,0.0,2200-2259,360.0,338.0,319.0,2640.0,11,0.0,0.0,0.0,0.0,0.0
2008,1,3,16,7,2008-03-16,FL,N978AT,694,ATL,"Atlanta, GA",GA,SRQ,"Sarasota/Bradenton, FL",FL,1548,1540.0,-8.0,0.0,0.0,1500-1559,11.0,1551.0,1655.0,7.0,1710,1702.0,-8.0,0.0,0.0,1700-1759,82.0,82.0,64.0,445.0,2,0.0,0.0,0.0,0.0,0.0
2010,1,3,8,1,2010-03-08,OH,N721CA,6512,FSD,"Sioux Falls, SD",SD,MSP,"Minneapolis, MN",MN,1250,1420.0,90.0,90.0,1.0,1200-1259,14.0,1434.0,1507.0,18.0,1355,1525.0,90.0,90.0,1.0,1300-1359,65.0,65.0,33.0,197.0,1,90.0,0.0,0.0,0.0,0.0
2017,4,11,5,7,2017-11-05,OO,N454SW,4468,SLC,"Salt Lake City, UT",UT,HLN,"Helena, MT",MT,1559,1549.0,-10.0,0.0,0.0,1500-1559,17.0,1606.0,1708.0,3.0,1735,1711.0,-24.0,0.0,0.0,1700-1759,96.0,82.0,62.0,402.0,2,0.0,0.0,0.0,0.0,0.0
2006,4,11,1,3,2006-11-01,HA,N484HA,247,KOA,"Kona, HI",HI,HNL,"Honolulu, HI",HI,1848,1843.0,-5.0,0.0,0.0,1800-1859,7.0,1850.0,1922.0,5.0,1928,1927.0,-1.0,0.0,0.0,1900-1959,40.0,44.0,32.0,163.0,1,0.0,0.0,0.0,0.0,0.0
2017,3,9,27,3,2017-09-27,AA,N544AA,1792,DTW,"Detroit, MI",MI,PHL,"Philadelphia, PA",PA,1810,1804.0,-6.0,0.0,0.0,1800-1859,24.0,1828.0,1931.0,21.0,1954,1952.0,-2.0,0.0,0.0,1900-1959,104.0,108.0,63.0,453.0,2,0.0,0.0,0.0,0.0,0.0
2014,2,4,6,7,2014-04-06,OO,N453SW,4475,MSP,"Minneapolis, MN",MN,ISN,"Williston, ND",ND,1435,1424.0,-11.0,0.0,0.0,1400-1459,21.0,1445.0,1605.0,7.0,1627,1612.0,-15.0,0.0,0.0,1600-1659,112.0,108.0,80.0,546.0,3,0.0,0.0,0.0,0.0,0.0
2010,1,1,11,1,2010-01-11,AA,N351AA,2448,LAX,"Los Angeles, CA",CA,DFW,"Dallas/Fort Worth, TX",TX,1350,1349.0,-1.0,0.0,0.0,1300-1359,15.0,1404.0,1849.0,5.0,1845,1854.0,9.0,9.0,0.0,1800-1859,175.0,185.0,165.0,1235.0,5,0.0,0.0,0.0,0.0,0.0
2006,4,10,28,6,2006-10-28,B6,N536JB,745,MCO,"Orlando, FL",FL,SJU,"San Juan, PR",PR,1545,1546.0,1.0,1.0,0.0,1500-1559,14.0,1600.0,1824.0,6.0,1830,1830.0,0.0,0.0,0.0,1800-1859,165.0,164.0,144.0,1189.0,5,0.0,0.0,0.0,0.0,0.0
2008,4,11,13,4,2008-11-13,OO,N292UX,5788,LAS,"Las Vegas, NV",NV,FAT,"Fresno, CA",CA,1642,1641.0,-1.0,0.0,0.0,1600-1659,19.0,1700.0,1825.0,4.0,1813,1829.0,16.0,16.0,1.0,1800-1859,91.0,108.0,85.0,258.0,2,0.0,0.0,16.0,0.0,0.0
2005,4,10,12,3,2005-10-12,US,N770UW,434,CLT,"Charlotte, NC",NC,MSP,"Minneapolis, MN",MN,1900,1858.0,-2.0,0.0,0.0,1900-1959,12.0,1910.0,2036.0,7.0,2039,2043.0,4.0,4.0,0.0,2000-2059,159.0,165.0,146.0,930.0,4,0.0,0.0,0.0,0.0,0.0
2018,2,4,6,5,2018-04-06,HA,N481HA,556,HNL,"Honolulu, HI",HI,OGG,"Kahului, HI",HI,2105,2115.0,10.0,10.0,0.0,2100-2159,14.0,2129.0,2151.0,6.0,2145,2157.0,12.0,12.0,0.0,2100-2159,40.0,42.0,22.0,100.0,1,0.0,0.0,0.0,0.0,0.0
2007,3,7,24,2,2007-07-24,B6,N553JB,702,SJU,"San Juan, PR",PR,JFK,"New York, NY",NY,1050,1047.0,-3.0,0.0,0.0,1000-1059,13.0,1100.0,1417.0,9.0,1446,1426.0,-20.0,0.0,0.0,1400-1459,236.0,219.0,197.0,1597.0,7,0.0,0.0,0.0,0.0,0.0
2012,1,1,5,4,2012-01-05,WN,N525SW,28,DAL,"Dallas, TX",TX,TUL,"Tulsa, OK",OK,1420,1423.0,3.0,3.0,0.0,1400-1459,10.0,1433.0,1514.0,3.0,1515,1517.0,2.0,2.0,0.0,1500-1559,55.0,54.0,41.0,237.0,1,0.0,0.0,0.0,0.0,0.0
2011,1,1,25,2,2011-01-25,DL,N527US,1140,ATL,"Atlanta, GA",GA,MSY,"New Orleans, LA",LA,2200,2214.0,14.0,14.0,0.0,2200-2259,15.0,2229.0,2241.0,5.0,2241,2246.0,5.0,5.0,0.0,2200-2259,101.0,92.0,72.0,425.0,2,0.0,0.0,0.0,0.0,0.0
2007,3,9,23,7,2007-09-23,CO,N32404,1094,LAX,"Los Angeles, CA",CA,IAH,"Houston, TX",TX,50,42.0,-8.0,0.0,0.0,0001-0559,18.0,100.0,547.0,6.0,558,553.0,-5.0,0.0,0.0,0001-0559,188.0,191.0,167.0,1379.0,6,0.0,0.0,0.0,0.0,0.0
2004,3,8,29,7,2004-08-29,TZ,N312TZ,668,MDW,"Chicago, IL",IL,DFW,"Dallas/Fort Worth, TX",TX,1424,1423.0,-1.0,0.0,0.0,1400-1459,12.0,1435.0,1632.0,8.0,1647,1640.0,-7.0,0.0,0.0,1600-1659,143.0,137.0,117.0,797.0,4,0.0,0.0,0.0,0.0,0.0
2013,1,2,18,1,2013-02-18,MQ,N829MQ,3910,CID,"Cedar Rapids/Iowa City, IA",IA,ORD,"Chicago, IL",IL,835,836.0,1.0,1.0,0.0,0800-0859,9.0,845.0,921.0,5.0,945,926.0,-19.0,0.0,0.0,0900-0959,70.0,50.0,36.0,196.0,1,0.0,0.0,0.0,0.0,0.0
2005,4,12,22,4,2005-12-22,WN,N346,2149,MDW,"Chicago, IL",IL,PIT,"Pittsburgh, PA",PA,1125,1125.0,0.0,0.0,0.0,1100-1159,10.0,1135.0,1335.0,4.0,1350,1339.0,-11.0,0.0,0.0,1300-1359,85.0,74.0,60.0,402.0,2,0.0,0.0,0.0,0.0,0.0
2019,3,8,25,7,2019-08-25,DL,N697DL,2420,JAX,"Jacksonville, FL",FL,ATL,"Atlanta, GA",GA,1045,1041.0,-4.0,0.0,0.0,1000-1059,11.0,1052.0,1140.0,6.0,1156,1146.0,-10.0,0.0,0.0,1100-1159,71.0,65.0,48.0,270.0,2,0.0,0.0,0.0,0.0,0.0
2010,2,6,23,3,2010-06-23,DL,N914DL,2727,ATL,"Atlanta, GA",GA,FLL,"Fort Lauderdale, FL",FL,1205,1200.0,-5.0,0.0,0.0,1200-1259,21.0,1221.0,1348.0,4.0,1357,1352.0,-5.0,0.0,0.0,1300-1359,112.0,112.0,87.0,581.0,3,0.0,0.0,0.0,0.0,0.0
2004,4,12,17,5,2004-12-17,AA,N636AA,306,SJU,"San Juan, PR",PR,IAD,"Washington, DC",VA,1540,1535.0,-5.0,0.0,0.0,1500-1559,16.0,1551.0,1830.0,10.0,1834,1840.0,6.0,6.0,0.0,1800-1859,234.0,245.0,219.0,1571.0,7,0.0,0.0,0.0,0.0,0.0
2009,3,7,19,7,2009-07-19,OO,N607SK,4653,SLC,"Salt Lake City, UT",UT,DEN,"Denver, CO",CO,1240,1238.0,-2.0,0.0,0.0,1200-1259,18.0,1256.0,1401.0,10.0,1409,1411.0,2.0,2.0,0.0,1400-1459,89.0,93.0,65.0,390.0,2,0.0,0.0,0.0,0.0,0.0
2005,4,12,29,4,2005-12-29,FL,N978AT,138,TPA,"Tampa, FL",FL,ATL,"Atlanta, GA",GA,2020,2128.0,68.0,68.0,1.0,2000-2059,12.0,2140.0,2300.0,6.0,2150,2306.0,76.0,76.0,1.0,2100-2159,90.0,98.0,80.0,406.0,2,0.0,0.0,8.0,0.0,68.0
2016,2,4,6,3,2016-04-06,WN,N8656B,1770,CLE,"Cleveland, OH",OH,DEN,"Denver, CO",CO,1920,1926.0,6.0,6.0,0.0,1900-1959,8.0,1934.0,2022.0,8.0,2040,2030.0,-10.0,0.0,0.0,2000-2059,200.0,184.0,168.0,1201.0,5,0.0,0.0,0.0,0.0,0.0
2004,3,9,26,7,2004-09-26,RU,N17138,2780,BFL,"Bakersfield, CA",CA,IAH,"Houston, TX",TX,705,702.0,-3.0,0.0,0.0,0700-0759,11.0,713.0,1214.0,10.0,1228,1224.0,-4.0,0.0,0.0,1200-1259,203.0,202.0,181.0,1428.0,6,0.0,0.0,0.0,0.0,0.0
2004,3,7,6,2,2004-07-06,OO,N433SW,3858,PSC,"Pasco/Kennewick/Richland, WA",WA,SLC,"Salt Lake City, UT",UT,1310,1305.0,0.0,0.0,0.0,1300-1359,10.0,1315.0,1526.0,6.0,1537,1532.0,-5.0,0.0,0.0,1500-1559,87.0,82.0,66.0,521.0,3,0.0,0.0,0.0,0.0,0.0
2010,2,5,18,2,2010-05-18,F9,N941FR,509,LGA,"New York, NY",NY,DEN,"Denver, CO",CO,1329,1326.0,-3.0,0.0,0.0,1300-1359,47.0,1413.0,1552.0,6.0,1601,1558.0,-3.0,0.0,0.0,1600-1659,272.0,272.0,219.0,1619.0,7,0.0,0.0,0.0,0.0,0.0
2008,3,8,16,6,2008-08-16,OO,N817SK,4125,SLC,"Salt Lake City, UT",UT,PHX,"Phoenix, AZ",AZ,950,949.0,-1.0,0.0,0.0,0900-0959,24.0,1013.0,1025.0,3.0,1030,1028.0,-2.0,0.0,0.0,1000-1059,100.0,99.0,72.0,507.0,3,0.0,0.0,0.0,0.0,0.0
2008,2,4,15,2,2008-04-15,MQ,N678AE,3427,DFW,"Dallas/Fort Worth, TX",TX,TUL,"Tulsa, OK",OK,1615,1615.0,0.0,0.0,0.0,1600-1659,13.0,1628.0,1709.0,3.0,1720,1712.0,-8.0,0.0,0.0,1700-1759,65.0,57.0,41.0,237.0,1,0.0,0.0,0.0,0.0,0.0
2004,4,11,20,6,2004-11-20,UA,N941UA,488,ORD,"Chicago, IL",IL,BTV,"Burlington, VT",VT,1835,1835.0,0.0,0.0,0.0,1800-1859,22.0,1857.0,2134.0,2.0,2146,2136.0,-10.0,0.0,0.0,2100-2159,131.0,121.0,97.0,763.0,4,0.0,0.0,0.0,0.0,0.0
2017,2,5,15,1,2017-05-15,OO,N755SK,2905,ORD,"Chicago, IL",IL,PIT,"Pittsburgh, PA",PA,2138,2215.0,37.0,37.0,1.0,2100-2159,20.0,2235.0,29.0,6.0,2358,35.0,37.0,37.0,1.0,2300-2359,80.0,80.0,54.0,413.0,2,0.0,0.0,0.0,0.0,37.0
2012,1,3,30,5,2012-03-30,UA,N462UA,364,SNA,"Santa Ana, CA",CA,DEN,"Denver, CO",CO,1753,1800.0,7.0,7.0,0.0,1700-1759,14.0,1814.0,2111.0,9.0,2103,2120.0,17.0,17.0,1.0,2100-2159,130.0,140.0,117.0,846.0,4,7.0,0.0,10.0,0.0,0.0
2018,3,9,18,2,2018-09-18,OO,N426SW,3623,IDA,"Idaho Falls, ID",ID,SLC,"Salt Lake City, UT",UT,1835,1823.0,-12.0,0.0,0.0,1800-1859,19.0,1842.0,1922.0,2.0,1945,1924.0,-21.0,0.0,0.0,1900-1959,70.0,61.0,40.0,188.0,1,0.0,0.0,0.0,0.0,0.0
2009,2,6,29,1,2009-06-29,DL,N918DL,1886,ATL,"Atlanta, GA",GA,BWI,"Baltimore, MD",MD,1445,1451.0,6.0,6.0,0.0,1400-1459,30.0,1521.0,1639.0,4.0,1638,1643.0,5.0,5.0,0.0,1600-1659,113.0,112.0,78.0,576.0,3,0.0,0.0,0.0,0.0,0.0
2018,4,12,13,4,2018-12-13,EV,N11164,4457,EWR,"Newark, NJ",NJ,LEX,"Lexington, KY",KY,1400,1357.0,-3.0,0.0,0.0,1400-1459,17.0,1414.0,1547.0,5.0,1619,1552.0,-27.0,0.0,0.0,1600-1659,139.0,115.0,93.0,588.0,3,0.0,0.0,0.0,0.0,0.0
2014,2,4,10,4,2014-04-10,OO,N754SK,6442,LAX,"Los Angeles, CA",CA,OKC,"Oklahoma City, OK",OK,1253,1300.0,7.0,7.0,0.0,1200-1259,25.0,1325.0,1744.0,4.0,1740,1748.0,8.0,8.0,0.0,1700-1759,167.0,168.0,139.0,1187.0,5,0.0,0.0,0.0,0.0,0.0
2013,1,3,24,7,2013-03-24,AA,N3HGAA,897,MCO,"Orlando, FL",FL,DFW,"Dallas/Fort Worth, TX",TX,1745,1905.0,80.0,80.0,1.0,1700-1759,14.0,1919.0,2101.0,7.0,1945,2108.0,83.0,83.0,1.0,1900-1959,180.0,183.0,162.0,985.0,4,0.0,29.0,3.0,0.0,51.0
2019,4,10,31,4,2019-10-31,OO,N922EV,3745,ATL,"Atlanta, GA",GA,MOB,"Mobile, AL",AL,819,814.0,-5.0,0.0,0.0,0800-0859,16.0,830.0,852.0,3.0,840,855.0,15.0,15.0,1.0,0800-0859,81.0,101.0,82.0,302.0,2,0.0,0.0,15.0,0.0,0.0
2008,1,3,22,6,2008-03-22,AS,N619AS,578,SEA,"Seattle, WA",WA,DEN,"Denver, CO",CO,1855,1855.0,0.0,0.0,0.0,1800-1859,22.0,1917.0,2229.0,12.0,2231,2241.0,10.0,10.0,0.0,2200-2259,156.0,166.0,132.0,1024.0,5,0.0,0.0,0.0,0.0,0.0
2007,4,10,30,2,2007-10-30,FL,N313AT,611,ATL,"Atlanta, GA",GA,SAN,"San Diego, CA",CA,920,917.0,-3.0,0.0,0.0,0900-0959,20.0,937.0,1052.0,4.0,1055,1056.0,1.0,1.0,0.0,1000-1059,275.0,279.0,255.0,1891.0,8,0.0,0.0,0.0,0.0,0.0
2004,2,6,19,6,2004-06-19,DL,N916DN,365,DFW,"Dallas/Fort Worth, TX",TX,LAS,"Las Vegas, NV",NV,1540,1644.0,64.0,64.0,1.0,1500-1559,15.0,1659.0,1717.0,5.0,1625,1722.0,57.0,57.0,1.0,1600-1659,165.0,158.0,138.0,1055.0,5,0.0,5.0,0.0,0.0,52.0
2015,3,7,13,1,2015-07-13,AA,N486AA,2263,DFW,"Dallas/Fort Worth, TX",TX,CMH,"Columbus, OH",OH,710,704.0,-6.0,0.0,0.0,0700-0759,15.0,719.0,1026.0,4.0,1045,1030.0,-15.0,0.0,0.0,1000-1059,155.0,146.0,127.0,926.0,4,0.0,0.0,0.0,0.0,0.0
2015,3,7,8,3,2015-07-08,DL,N328NW,1665,DFW,"Dallas/Fort Worth, TX",TX,SLC,"Salt Lake City, UT",UT,1423,1435.0,12.0,12.0,0.0,1400-1459,26.0,1501.0,1609.0,5.0,1605,1614.0,9.0,9.0,0.0,1600-1659,162.0,159.0,128.0,989.0,4,0.0,0.0,0.0,0.0,0.0
2019,4,10,30,3,2019-10-30,WN,N717SA,1966,PDX,"Portland, OR",OR,SJC,"San Jose, CA",CA,830,825.0,-5.0,0.0,0.0,0800-0859,10.0,835.0,959.0,6.0,1015,1005.0,-10.0,0.0,0.0,1000-1059,105.0,100.0,84.0,569.0,3,0.0,0.0,0.0,0.0,0.0
2010,2,6,30,3,2010-06-30,EV,N870AS,5111,ATL,"Atlanta, GA",GA,CLE,"Cleveland, OH",OH,1144,1142.0,-2.0,0.0,0.0,1100-1159,17.0,1159.0,1321.0,4.0,1332,1325.0,-7.0,0.0,0.0,1300-1359,108.0,103.0,82.0,554.0,3,0.0,0.0,0.0,0.0,0.0
2004,1,2,17,2,2004-02-17,HP,N663AW,270,IAH,"Houston, TX",TX,PHX,"Phoenix, AZ",AZ,2000,2011.0,11.0,11.0,0.0,2000-2059,8.0,2019.0,2133.0,7.0,2150,2140.0,-10.0,0.0,0.0,2100-2159,170.0,149.0,134.0,1009.0,5,0.0,0.0,0.0,0.0,0.0
2004,4,10,8,5,2004-10-08,AA,N587AA,709,DCA,"Washington, DC",VA,ORD,"Chicago, IL",IL,759,800.0,1.0,1.0,0.0,0700-0759,10.0,810.0,849.0,7.0,859,856.0,-3.0,0.0,0.0,0800-0859,120.0,116.0,99.0,612.0,3,0.0,0.0,0.0,0.0,0.0
2004,3,7,22,4,2004-07-22,AA,N3AFAA,1555,DTW,"Detroit, MI",MI,ORD,"Chicago, IL",IL,1043,1045.0,2.0,2.0,0.0,1000-1059,11.0,1056.0,1037.0,6.0,1053,1043.0,-10.0,0.0,0.0,1000-1059,70.0,58.0,41.0,235.0,1,0.0,0.0,0.0,0.0,0.0
2013,4,12,30,1,2013-12-30,B6,N804JB,12,LAS,"Las Vegas, NV",NV,JFK,"New York, NY",NY,1336,1332.0,-4.0,0.0,0.0,1300-1359,21.0,1353.0,2116.0,4.0,2128,2120.0,-8.0,0.0,0.0,2100-2159,292.0,288.0,263.0,2248.0,9,0.0,0.0,0.0,0.0,0.0
2014,3,7,22,2,2014-07-22,AA,N574AA,140,DFW,"Dallas/Fort Worth, TX",TX,BWI,"Baltimore, MD",MD,1115,1115.0,0.0,0.0,0.0,1100-1159,8.0,1123.0,1505.0,2.0,1510,1507.0,-3.0,0.0,0.0,1500-1559,175.0,172.0,162.0,1217.0,5,0.0,0.0,0.0,0.0,0.0
2015,1,1,14,3,2015-01-14,DL,N385DN,921,MKE,"Milwaukee, WI",WI,MSP,"Minneapolis, MN",MN,910,907.0,-3.0,0.0,0.0,0900-0959,17.0,924.0,1017.0,6.0,1031,1023.0,-8.0,0.0,0.0,1000-1059,81.0,76.0,53.0,297.0,2,0.0,0.0,0.0,0.0,0.0
2009,1,2,8,7,2009-02-08,MQ,N843MQ,3055,LAX,"Los Angeles, CA",CA,SAN,"San Diego, CA",CA,915,1026.0,71.0,71.0,1.0,0900-0959,20.0,1046.0,1115.0,12.0,1010,1127.0,77.0,77.0,1.0,1000-1059,55.0,61.0,29.0,109.0,1,71.0,0.0,6.0,0.0,0.0
2011,3,7,28,4,2011-07-28,CO,N76526,1833,MSY,"New Orleans, LA",LA,IAH,"Houston, TX",TX,927,928.0,1.0,1.0,0.0,0900-0959,8.0,936.0,1023.0,6.0,1035,1029.0,-6.0,0.0,0.0,1000-1059,68.0,61.0,47.0,305.0,2,0.0,0.0,0.0,0.0,0.0
2004,4,11,12,5,2004-11-12,US,N514AU,1477,CLT,"Charlotte, NC",NC,ATL,"Atlanta, GA",GA,1605,1618.0,13.0,13.0,0.0,1600-1659,21.0,1639.0,1721.0,6.0,1714,1727.0,13.0,13.0,0.0,1700-1759,69.0,69.0,42.0,227.0,1,0.0,0.0,0.0,0.0,0.0
2008,3,9,18,4,2008-09-18,OO,N932SW,6337,ORD,"Chicago, IL",IL,MSN,"Madison, WI",WI,1207,1203.0,-4.0,0.0,0.0,1200-1259,22.0,1225.0,1253.0,4.0,1252,1257.0,5.0,5.0,0.0,1200-1259,45.0,54.0,28.0,109.0,1,0.0,0.0,0.0,0.0,0.0
2013,3,9,18,3,2013-09-18,UA,N844UA,376,ORD,"Chicago, IL",IL,PHL,"Philadelphia, PA",PA,2100,2237.0,97.0,97.0,1.0,2100-2159,29.0,2306.0,133.0,6.0,2357,139.0,102.0,102.0,1.0,2300-2359,117.0,122.0,87.0,678.0,3,36.0,0.0,5.0,0.0,61.0
2011,1,3,18,5,2011-03-18,MQ,N846MQ,3084,SAN,"San Diego, CA",CA,LAX,"Los Angeles, CA",CA,850,850.0,0.0,0.0,0.0,0800-0859,5.0,855.0,921.0,7.0,935,928.0,-7.0,0.0,0.0,0900-0959,45.0,38.0,26.0,109.0,1,0.0,0.0,0.0,0.0,0.0
2014,4,10,8,3,2014-10-08,DL,N816DN,1789,ATL,"Atlanta, GA",GA,JAX,"Jacksonville, FL",FL,1745,1742.0,-3.0,0.0,0.0,1700-1759,19.0,1801.0,1843.0,4.0,1855,1847.0,-8.0,0.0,0.0,1800-1859,70.0,65.0,42.0,270.0,2,0.0,0.0,0.0,0.0,0.0
2005,3,9,12,1,2005-09-12,CO,N73270,633,IAH,"Houston, TX",TX,AUS,"Austin, TX",TX,925,922.0,-3.0,0.0,0.0,0900-0959,23.0,945.0,1016.0,9.0,1018,1025.0,7.0,7.0,0.0,1000-1059,53.0,63.0,31.0,140.0,1,0.0,0.0,0.0,0.0,0.0
2005,4,10,26,3,2005-10-26,OO,N298SW,6309,SEA,"Seattle, WA",WA,GEG,"Spokane, WA",WA,1850,1855.0,5.0,5.0,0.0,1800-1859,6.0,1901.0,1946.0,3.0,1949,1949.0,0.0,0.0,0.0,1900-1959,59.0,54.0,45.0,224.0,1,0.0,0.0,0.0,0.0,0.0
2005,4,11,22,2,2005-11-22,US,N434US,488,CLT,"Charlotte, NC",NC,BWI,"Baltimore, MD",MD,1550,1604.0,14.0,14.0,0.0,1500-1559,22.0,1626.0,1725.0,6.0,1710,1731.0,21.0,21.0,1.0,1700-1759,80.0,87.0,59.0,361.0,2,9.0,0.0,7.0,0.0,5.0
2007,2,6,8,5,2007-06-08,DL,N677DL,1717,ATL,"Atlanta, GA",GA,DFW,"Dallas/Fort Worth, TX",TX,1850,1850.0,0.0,0.0,0.0,1800-1859,57.0,1947.0,2030.0,10.0,2003,2040.0,37.0,37.0,1.0,2000-2059,133.0,170.0,103.0,732.0,3,0.0,0.0,37.0,0.0,0.0
2004,4,12,30,4,2004-12-30,US,N801MA,1799,DCA,"Washington, DC",VA,BNA,"Nashville, TN",TN,1010,1100.0,50.0,50.0,1.0,1000-1059,18.0,1118.0,1144.0,6.0,1105,1150.0,45.0,45.0,1.0,1100-1159,115.0,110.0,86.0,562.0,3,0.0,0.0,0.0,0.0,45.0
2008,2,5,21,3,2008-05-21,XE,N14972,2197,MSN,"Madison, WI",WI,EWR,"Newark, NJ",NJ,1740,1812.0,32.0,32.0,1.0,1700-1759,27.0,1839.0,2123.0,11.0,2107,2134.0,27.0,27.0,1.0,2100-2159,147.0,142.0,104.0,799.0,4,0.0,0.0,27.0,0.0,0.0
2011,3,8,11,4,2011-08-11,XE,N13969,2543,SAV,"Savannah, GA",GA,EWR,"Newark, NJ",NJ,1155,1158.0,3.0,3.0,0.0,1100-1159,15.0,1213.0,1350.0,8.0,1357,1358.0,1.0,1.0,0.0,1300-1359,122.0,120.0,97.0,708.0,3,0.0,0.0,0.0,0.0,0.0
2011,3,7,3,7,2011-07-03,B6,N562JB,493,BOS,"Boston, MA",MA,DEN,"Denver, CO",CO,840,840.0,0.0,0.0,0.0,0800-0859,13.0,853.0,1050.0,9.0,1108,1059.0,-9.0,0.0,0.0,1100-1159,268.0,259.0,237.0,1754.0,8,0.0,0.0,0.0,0.0,0.0
2015,2,5,11,1,2015-05-11,US,N950UW,2156,BOS,"Boston, MA",MA,LGA,"New York, NY",NY,2000,2109.0,69.0,69.0,1.0,2000-2059,11.0,2120.0,2204.0,6.0,2123,2210.0,47.0,47.0,1.0,2100-2159,83.0,61.0,44.0,184.0,1,0.0,0.0,47.0,0.0,0.0
